{
  "usesTypeScript": false,
  "usesCssModule": false,
  "cssPreprocessor": "css",
  "testLibrary": "Testing Library",
  "component": {
    "default": {
      "path": "src/components",
      "withStyle": true,
      "withTest": false,
      "withStory": false,
      "withLazy": false
    },
    "path": "src/components",
    "css": {
      "preprocessor": "css",
      "module": true,
      "withStyle": true
    },
    "test": {
      "library": "Testing Library",
      "withTest": false
    },
    "withStory": false,
    "withLazy": false
  }
}